Series	Platform
GSE41188	GPL10123
GSE41188	GPL10152
GSE41581	GPL16131
GSE42171	GPL6801
GSE42400	GPL16302
GSE42570	GPL571
GSE42570	GPL8882
GSE42570	GPL13135
GSE42570	GPL16333
GSE43092	GPL6986
GSE43092	GPL13135
GSE43454	GPL11157
GSE4838	GPL3749
GSE44587	GPL16694
GSE4886	GPL3514
GSE45287	GPL8841
GSE46068	GPL6359
GSE46068	GPL17020
GSE46828	GPL8888
GSE47148	GPL8687
GSE47646	GPL6801
GSE47985	GPL8841
GSE5347	GPL1266
GSE5347	GPL2641
GSE5347	GPL3896
GSE5347	GPL4012
GSE48386	GPL8882
GSE48568	GPL11068
GSE48941	GPL13829
GSE49045	GPL6801
GSE49452	GPL8882
GSE49666	GPL6801
GSE50605	GPL8971
GSE50727	GPL6987
GSE50727	GPL8887
GSE50727	GPL8888
GSE5442	GPL2616
GSE5442	GPL4056
GSE51237	GPL14965
GSE51589	GPL6984
GSE52173	GPL8887
GSE52352	GPL4091
GSE53042	GPL6801
GSE53790	GPL6801
GSE54183	GPL10123
GSE55150	GPL4091
GSE55150	GPL8736
GSE55150	GPL10123
GSE55181	GPL14965
GSE5784	GPL4242
GSE55832	GPL8887
GSE55852	GPL10123
GSE5927	GPL2005
GSE57943	GPL16131
GSE6099	GPL2013
GSE59239	GPL9777
GSE59902	GPL10123
GSE60218	GPL16131
GSE60720	GPL16131
GSE61237	GPL6801
GSE61578	GPL96
GSE61578	GPL570
GSE61578	GPL6801
GSE63601	GPL6801
GSE63891	GPL3718
GSE63891	GPL16131
GSE64083	GPL11157
GSE64241	GPL6801
GSE64731	GPL6984
GSE66422	GPL16131
GSE67841	GPL10123
GSE68258	GPL8882
GSE68999	GPL6801
GSE69028	GPL6801
GSE7239	GPL4939
GSE7599	GPL2879
GSE64732	GPL6984
GSE64732	GPL13135
GSE64732	GPL18224
GSE64732	GPL18636
GSE70770	GPL6801
GSE70770	GPL10558
GSE70770	GPL16104
GSE70770	GPL20641
GSE73180	GPL13829
GSE73639	GPL6801
GSE74573	GPL13135
GSE75314	GPL6801
GSE76390	GPL13135
GSE76390	GPL20641
GSE77138	GPL16131
GSE77138	GPL17586
GSE77662	GPL13829
GSE8721	GPL2641
GSE85035	GPL15793
GSE85035	GPL18602
GSE9015	GPL570
GSE9015	GPL4091
GSE9021	GPL4560
GSE87058	GPL8841
GSE87058	GPL15397
GSE87058	GPL16694
GSE87058	GPL18628
GSE9204	GPL5620
GSE9222	GPL3718
GSE9222	GPL3720
GSE9222	GPL3811
GSE9222	GPL3812
GSE9112	GPL3718
GSE9112	GPL3720
GSE9559	GPL6088
GSE9585	GPL2004
GSE9585	GPL2005
GSE9585	GPL3718
GSE9585	GPL3720
GSE9608	GPL5711
GSE10423	GPL6468
GSE10423	GPL6469
GSE10423	GPL6470
GSE10697	GPL2827
GSE7130	GPL2004
GSE7130	GPL2005
GSE11225	GPL2873
GSE11225	GPL6745
GSE11318	GPL570
GSE11318	GPL6400
GSE11948	GPL3718
GSE11948	GPL3720
GSE12650	GPL570
GSE12650	GPL4091
GSE12896	GPL3718
GSE12896	GPL3720
GSE13021	GPL3718
GSE13372	GPL6801
GSE14437	GPL2004
GSE14437	GPL2005
GSE14437	GPL3718
GSE14437	GPL3720
GSE14745	GPL8036
GSE14821	GPL8175
GSE14822	GPL8175
GSE15177	GPL8276
GSE15526	GPL3718
GSE15526	GPL3720
GSE15696	GPL2004
GSE15696	GPL3718
GSE15347	GPL96
GSE15347	GPL2004
GSE15347	GPL2005
GSE15347	GPL3718
GSE15347	GPL3720
GSE15842	GPL3720
GSE16602	GPL8581
GSE16610	GPL8581
GSE16611	GPL8581
GSE16597	GPL8690
GSE16663	GPL8720
GSE16904	GPL6983
GSE16930	GPL2879
GSE17181	GPL8841
GSE17461	GPL8971
GSE17534	GPL3720
GSE18187	GPL5114
GSE19612	GPL3718
GSE19612	GPL3720
GSE19612	GPL6480
GSE19612	GPL6848
GSE19612	GPL9128
GSE19647	GPL2005
GSE19647	GPL3718
GSE19714	GPL4091
GSE19523	GPL2004
GSE19523	GPL2005
GSE17616	GPL3514
GSE17616	GPL9115
GSE19920	GPL3718
GSE19920	GPL3720
GSE19932	GPL4091
GSE19932	GPL10004
GSE20353	GPL3718
GSE20975	GPL3718
GSE21097	GPL5677
GSE21097	GPL6985
GSE21097	GPL8887
GSE21123	GPL3720
GSE21530	GPL4091
GSE21661	GPL6801
GSE21780	GPL6801
GSE21986	GPL9075
GSE22279	GPL9708
GSE22284	GPL6980
GSE22284	GPL6987
GSE22461	GPL6801
GSE22577	GPL6804
GSE22577	GPL6947
GSE22635	GPL5477
GSE22789	GPL7394
GSE19177	GPL6106
GSE19177	GPL6986
GSE22839	GPL3720
GSE23005	GPL4091
GSE23358	GPL6801
GSE23587	GPL6801
GSE23587	GPL10800
GSE23587	GPL10801
GSE23587	GPL10802
GSE23587	GPL10803
GSE23587	GPL10804
GSE23644	GPL8841
GSE23813	GPL6434
GSE23813	GPL6982
GSE23817	GPL8887
GSE23823	GPL4091
GSE23831	GPL4093
GSE23831	GPL10722
GSE24446	GPL8736
GSE24690	GPL3718
GSE24804	GPL6985
GSE24804	GPL6986
GSE25103	GPL6801
GSE25411	GPL10123
GSE25839	GPL6801
GSE25864	GPL3718
GSE26404	GPL3718
GSE26715	GPL10123
GSE22874	GPL5175
GSE22874	GPL8490
GSE22874	GPL13135
GSE27910	GPL3720
GSE27965	GPL4091
GSE27965	GPL9777
GSE3106	GPL2043
GSE3106	GPL2735
GSE28030	GPL3718
GSE28458	GPL13392
GSE28469	GPL13346
GSE28906	GPL4093
GSE29365	GPL3718
GSE29503	GPL6853
GSE30182	GPL6801
GSE30777	GPL6801
GSE31174	GPL3718
GSE31241	GPL8693
GSE31260	GPL3718
GSE31451	GPL4091
GSE3551	GPL1282
GSE3551	GPL3042
GSE3551	GPL3043
GSE31272	GPL6801
GSE33428	GPL9128
GSE33483	GPL11358
GSE33489	GPL6987
GSE33489	GPL8887
GSE3642	GPL3091
GSE34140	GPL3718
GSE34197	GPL14965
GSE34575	GPL8693
GSE34676	GPL6801
GSE34588	GPL8882
GSE35216	GPL1266
GSE35216	GPL2641
GSE35674	GPL11157
GSE35953	GPL2873
GSE35953	GPL5477
GSE35988	GPL6480
GSE35988	GPL6848
GSE35988	GPL9075
GSE35988	GPL9128
GSE36105	GPL2641
GSE3884	GPL2705
GSE3884	GPL3041
GSE3884	GPL3254
GSE3884	GPL3271
GSE3884	GPL3272
GSE37141	GPL8693
GSE37259	GPL6801
GSE37342	GPL8887
GSE38479	GPL8687
GSE40142	GPL6801
GSE37987	GPL15436
GSE39130	GPL3718
GSE39280	GPL15793
GSE4057	GPL1709
GSE4057	GPL3291
GSE4057	GPL3370
GSE4355	GPL3508
GSE4355	GPL3514
GSE38815	GPL4091
GSE37978	GPL11157
GSE4297	GPL3472
GSE4297	GPL3481
GSE37977	GPL6801
GSE39710	GPL8887
GSE39371	GPL6801
GSE38015	GPL6985
GSE38015	GPL6986
GSE85814	GPL3718
GSE85814	GPL3720
GSE77775	GPL6801
GSE76437	GPL16110
GSE72732	GPL8887
GSE72732	GPL20886
GSE65569	GPL18637
GSE91072	GPL6801
GSE63306	GPL4091
GSE63306	GPL10449
GSE93077	GPL16131
GSE96904	GPL9777
GSE51265	GPL3718
GSE45582	GPL16895
GSE41646	GPL6801
GSE53425	GPL13829
GSE46826	GPL10152
GSE5169	GPL3898
GSE41253	GPL8687
GSE47204	GPL16131
GSE43810	GPL10123
GSE41297	GPL16131
GSE47912	GPL9128
GSE47904	GPL16573
GSE42631	GPL3718
GSE42631	GPL3720
GSE42631	GPL6801
GSE52585	GPL11358
GSE47077	GPL6801
GSE43934	GPL6801
GSE55042	GPL6801
GSE47443	GPL10150
GSE43060	GPL3718
GSE43060	GPL3720
GSE4659	GPL2873
GSE49082	GPL13829
GSE43168	GPL8888
GSE43168	GPL16110
GSE46745	GPL6801
GSE41120	GPL2616
GSE50808	GPL3332
GSE44297	GPL8888
GSE47507	GPL6801
GSE44739	GPL3718
GSE54576	GPL13829
GSE5316	GPL3789
GSE5316	GPL3868
GSE5316	GPL3869
GSE5316	GPL3993
GSE4747	GPL2024
GSE45190	GPL16795
GSE40769	GPL6801
GSE49215	GPL6801
GSE49215	GPL11157
GSE42738	GPL16342
GSE47506	GPL4091
GSE47506	GPL10123
GSE52691	GPL17977
GSE4884	GPL3749
GSE4884	GPL3783
GSE56334	GPL6801
GSE56884	GPL18586
GSE57018	GPL6801
GSE57229	GPL18636
GSE57277	GPL3720
GSE5951	GPL3291
GSE5951	GPL3335
GSE6040	GPL4453
GSE58232	GPL6801
GSE6109	GPL2004
GSE6109	GPL2005
GSE60116	GPL10152
GSE6375	GPL3514
GSE60886	GPL5175
GSE60886	GPL6801
GSE60886	GPL15793
GSE63028	GPL16131
GSE64109	GPL3720
GSE64121	GPL11157
GSE64729	GPL13135
GSE64730	GPL13135
GSE65424	GPL6801
GSE65484	GPL4091
GSE66668	GPL3718
GSE66668	GPL6801
GSE67047	GPL6801
GSE68476	GPL6801
GSE68508	GPL13829
GSE49	GPL179
GSE70397	GPL18637
GSE7230	GPL4894
GSE7527	GPL5000
GSE7527	GPL5114
GSE7376	GPL5046
GSE7427	GPL5056
GSE70653	GPL6801
GSE7545	GPL3718
GSE7545	GPL3720
GSE72150	GPL3718
GSE72192	GPL3718
GSE72192	GPL3720
GSE72660	GPL3720
GSE72660	GPL6801
GSE72665	GPL10150
GSE73074	GPL8855
GSE73558	GPL6801
GSE73822	GPL6801
GSE7949	GPL5338
GSE8067	GPL2843
GSE8067	GPL3055
GSE8067	GPL3441
GSE8067	GPL3442
GSE8067	GPL3443
GSE8164	GPL3720
GSE77368	GPL16131
GSE77508	GPL13135
GSE77975	GPL10152
GSE77975	GPL11358
GSE77975	GPL16237
GSE77975	GPL21461
GSE8333	GPL1266
GSE8333	GPL2641
GSE8628	GPL5477
GSE8628	GPL5571
GSE8627	GPL2879
GSE8627	GPL5677
GSE8649	GPL3718
GSE8649	GPL3720
GSE8652	GPL4541
GSE8652	GPL5620
GSE8804	GPL2873
GSE8804	GPL2879
GSE85295	GPL10123
GSE85428	GPL6801
GSE9177	GPL4091
GSE87838	GPL8882
GSE87838	GPL21135
GSE9611	GPL2641
GSE9611	GPL3718
GSE9611	GPL3720
GSE9654	GPL2879
GSE9829	GPL570
GSE9829	GPL3720
GSE10007	GPL2005
GSE10822	GPL6575
GSE11155	GPL6737
GSE11573	GPL2843
GSE11573	GPL5477
GSE12019	GPL3720
GSE12629	GPL3718
GSE12629	GPL3720
GSE12660	GPL3718
GSE12702	GPL3718
GSE12702	GPL3720
GSE12759	GPL4723
GSE12759	GPL7247
GSE12813	GPL6322
GSE12813	GPL7321
GSE12813	GPL7322
GSE12813	GPL7323
GSE12813	GPL7324
GSE12813	GPL7325
GSE12928	GPL4133
GSE12928	GPL5477
GSE12902	GPL570
GSE12902	GPL13392
GSE13137	GPL2004
GSE13239	GPL2879
GSE13429	GPL3718
GSE13429	GPL6801
GSE13813	GPL2005
GSE14087	GPL3718
GSE14087	GPL3720
GSE14845	GPL570
GSE14845	GPL3720
GSE14742	GPL8036
GSE14740	GPL8036
GSE14744	GPL8036
GSE14859	GPL8186
GSE14996	GPL8226
GSE15010	GPL8167
GSE15027	GPL8233
GSE15172	GPL4091
GSE15126	GPL1352
GSE15126	GPL3718
GSE15126	GPL3720
GSE15521	GPL5571
GSE14867	GPL6801
GSE2221	GPL1831
GSE16608	GPL8581
GSE16619	GPL3718
GSE16619	GPL3720
GSE16619	GPL6804
GSE16937	GPL2641
GSE17091	GPL6985
GSE17396	GPL4093
GSE17907	GPL570
GSE17907	GPL9128
GSE18098	GPL2879
GSE18098	GPL5477
GSE18154	GPL9216
GSE18461	GPL6984
GSE18642	GPL6801
GSE19040	GPL6984
GSE19040	GPL6985
GSE19040	GPL8882
GSE19247	GPL6985
GSE19247	GPL8855
GSE19425	GPL9775
GSE19425	GPL9776
GSE20394	GPL9128
GSE20533	GPL6801
GSE20533	GPL6983
GSE20634	GPL10118
GSE20709	GPL6801
GSE20939	GPL3718
GSE20939	GPL3720
GSE21091	GPL6986
GSE21259	GPL4723
GSE21259	GPL7247
GSE21259	GPL9077
GSE21468	GPL4093
GSE21468	GPL10123
GSE21478	GPL6987
GSE21478	GPL8887
GSE21478	GPL8888
GSE21536	GPL3718
GSE21536	GPL4091
GSE22016	GPL10461
GSE22133	GPL4723
GSE22133	GPL5345
GSE22133	GPL7247
GSE22185	GPL4093
GSE22547	GPL4091
GSE22928	GPL6801
GSE22928	GPL6984
GSE22928	GPL9128
GSE23414	GPL6801
GSE23869	GPL6782
GSE23869	GPL6947
GSE23720	GPL570
GSE23720	GPL9128
GSE24481	GPL3718
GSE24481	GPL3720
GSE25399	GPL2004
GSE25399	GPL2005
GSE25589	GPL3720
GSE26034	GPL6801
GSE26053	GPL6801
GSE2959	GPL1266
GSE2959	GPL2641
GSE26389	GPL2842
GSE26389	GPL10743
GSE26389	GPL11274
GSE26389	GPL11275
GSE26286	GPL6983
GSE26286	GPL6984
GSE26792	GPL3720
GSE27105	GPL6801
GSE27286	GPL13171
GSE27560	GPL6801
GSE27692	GPL570
GSE27692	GPL6801
GSE28013	GPL8581
GSE28676	GPL9777
GSE28684	GPL3718
GSE28684	GPL3720
GSE29065	GPL4723
GSE3208	GPL2790
GSE24876	GPL4133
GSE24876	GPL5114
GSE29569	GPL6801
GSE29851	GPL6801
GSE29876	GPL4910
GSE29876	GPL4911
GSE29876	GPL4912
GSE29876	GPL4913
GSE29876	GPL4914
GSE29876	GPL4915
GSE29876	GPL4916
GSE29876	GPL6801
GSE30348	GPL6801
GSE30754	GPL5477
GSE31798	GPL14360
GSE32535	GPL4723
GSE32567	GPL4091
GSE32567	GPL14652
GSE32897	GPL4091
GSE32964	GPL6947
GSE32964	GPL6985
GSE33501	GPL14846
GSE33602	GPL3718
GSE33733	GPL6801
GSE34323	GPL6801
GSE34768	GPL15068
GSE3827	GPL2705
GSE3827	GPL3254
GSE3931	GPL1282
GSE3931	GPL2705
GSE3931	GPL3040
GSE3931	GPL3044
GSE3931	GPL3275
GSE37023	GPL96
GSE37023	GPL97
GSE37023	GPL2834
GSE38323	GPL8882
GSE38888	GPL14965
GSE38888	GPL15436
GSE37586	GPL8693
GSE4244	GPL3455
GSE39036	GPL6980
GSE4185	GPL3291
GSE4185	GPL3335
GSE4185	GPL3428
GSE38525	GPL8887
GSE37906	GPL6979
GSE37906	GPL6985
GSE37906	GPL8855
GSE40405	GPL3718
GSE97292	GPL9077
GSE70650	GPL6801
GSE93037	GPL6801
GSE89398	GPL16131
GSE94432	GPL13829
GSE86621	GPL6801
GSE48099	GPL3718
GSE50973	GPL6801
GSE66070	GPL6801
GSE59443	GPL6986
GSE64582	GPL13829
GSE64582	GPL19699
GSE7344	GPL2873
GSE7210	GPL1266
GSE7210	GPL2641
GSE60015	GPL8736
GSE7068	GPL2004
GSE7068	GPL2005
GSE66337	GPL9777
GSE66337	GPL19827
GSE54185	GPL10123
GSE56109	GPL2873
GSE56109	GPL2879
GSE56109	GPL4093
GSE66398	GPL6801
GSE46452	GPL8841
GSE46452	GPL17052
GSE49396	GPL6801
GSE41210	GPL9075
GSE56518	GPL13135
GSE64891	GPL10152
GSE62347	GPL11365
GSE43679	GPL6801
GSE45476	GPL2873
GSE45476	GPL8355
GSE45476	GPL16865
GSE59032	GPL8888
GSE55638	GPL6801
GSE62717	GPL6801
GSE5051	GPL28
GSE5051	GPL2819
GSE5051	GPL2826
GSE5051	GPL2834
GSE5051	GPL2842
GSE5051	GPL3441
GSE5051	GPL3442
GSE5051	GPL3443
GSE54252	GPL6983
GSE54252	GPL6984
GSE6138	GPL3898
GSE57100	GPL3718
GSE46848	GPL570
GSE46848	GPL6801
GSE46848	GPL18318
GSE57270	GPL13135
GSE50252	GPL6801
GSE52901	GPL3718
GSE52901	GPL3720
GSE42577	GPL4091
GSE5511	GPL2004
GSE5511	GPL2005
GSE5511	GPL3720
GSE66839	GPL4091
GSE57279	GPL8887
GSE48548	GPL9128
GSE40777	GPL8687
GSE44549	GPL6801
GSE6042	GPL2843
GSE41356	GPL9777
GSE41356	GPL17964
GSE7260	GPL3372
GSE7260	GPL4989
GSE7260	GPL4990
GSE5013	GPL3811
GSE5013	GPL3812
GSE67125	GPL16131
GSE57087	GPL17641
GSE53021	GPL3718
GSE48920	GPL13135
GSE6260	GPL3528
GSE52442	GPL6984
GSE57548	GPL6801
GSE56422	GPL8882
GSE53626	GPL8888
GSE62218	GPL3720
GSE65720	GPL10123
GSE65720	GPL10150
GSE56311	GPL3718
GSE69613	GPL16131
GSE54509	GPL2005
GSE69440	GPL11157
GSE67604	GPL9128
GSE64728	GPL13135
GSE1078	GPL1048
GSE45843	GPL8737
GSE48351	GPL6801
GSE7255	GPL2004
GSE7255	GPL2005
GSE7255	GPL3718
GSE58718	GPL6986
GSE63623	GPL15436
GSE63623	GPL16707
GSE63623	GPL19457
GSE62940	GPL10150
GSE46951	GPL6801
GSE66136	GPL9075
GSE66136	GPL10150
GSE7490	GPL1266
GSE7822	GPL2004
GSE7822	GPL2005
GSE7822	GPL2879
GSE7822	GPL3718
GSE7822	GPL3720
GSE7822	GPL4091
GSE7822	GPL5144
GSE7822	GPL5149
GSE73005	GPL18637
GSE73879	GPL6801
GSE75069	GPL13829
GSE8046	GPL2005
GSE8026	GPL2013
GSE8090	GPL5000
GSE8145	GPL2013
GSE77313	GPL14965
GSE77557	GPL6801
GSE8738	GPL5713
GSE8757	GPL5737
GSE10129	GPL5772
GSE22401	GPL4560
GSE86988	GPL10152
GSE13331	GPL1485
GSE13331	GPL2616
GSE13331	GPL4544
GSE89878	GPL13829
GSE89878	GPL21168
GSE89878	GPL22678
GSE89927	GPL10150
GSE9598	GPL6088
GSE9672	GPL6181
GSE11447	GPL2641
GSE11771	GPL2827
GSE11929	GPL2843
GSE11929	GPL3441
GSE12088	GPL2879
GSE12088	GPL4091
GSE12088	GPL16300
GSE12280	GPL7096
GSE12393	GPL2616
GSE12520	GPL7199
GSE12520	GPL9336
GSE12714	GPL3718
GSE12789	GPL4093
GSE12794	GPL7313
GSE12794	GPL7314
GSE1841	GPL1506
GSE13117	GPL3718
GSE13117	GPL3720
GSE13439	GPL3718
GSE13989	GPL3718
GSE14016	GPL2005
GSE14016	GPL3718
GSE14741	GPL8036
GSE14803	GPL5114
GSE14860	GPL2004
GSE14860	GPL2005
GSE14860	GPL7260
GSE14860	GPL7264
GSE15079	GPL8187
GSE15096	GPL6801
GSE15931	GPL3720
GSE16406	GPL3718
GSE16408	GPL8641
GSE17092	GPL6985
GSE17205	GPL8887
GSE17206	GPL8887
GSE17210	GPL8888
GSE17318	GPL3718
GSE17403	GPL4091
GSE17403	GPL4133
GSE17403	GPL6102
GSE17403	GPL8948
GSE17403	GPL8950
GSE17403	GPL9052
GSE17557	GPL6982
GSE17557	GPL6983
GSE17574	GPL2004
GSE17574	GPL2005
GSE18137	GPL2826
GSE18137	GPL5477
GSE18122	GPL9128
GSE18152	GPL5114
GSE18197	GPL3718
GSE18197	GPL3720
GSE18663	GPL6984
GSE19003	GPL2700
GSE19003	GPL9128
GSE19034	GPL2616
GSE19034	GPL8490
GSE19416	GPL6801
GSE19574	GPL9128
GSE19949	GPL3921
GSE19949	GPL6801
GSE20144	GPL5477
GSE20564	GPL4091
GSE20564	GPL6801
GSE20355	GPL8634
GSE21032	GPL4091
GSE21032	GPL5188
GSE21032	GPL8227
GSE21032	GPL10264
GSE21248	GPL8887
GSE21276	GPL10303
GSE21597	GPL3718
GSE21597	GPL3720
GSE21990	GPL6801
GSE22615	GPL6801
GSE23785	GPL8887
GSE24092	GPL6804
GSE24144	GPL6801
GSE22864	GPL6985
GSE22864	GPL8855
GSE24418	GPL8693
GSE24715	GPL2005
GSE24715	GPL3720
GSE24823	GPL9128
GSE24823	GPL11068
GSE23452	GPL6801
GSE25826	GPL6984
GSE26121	GPL8882
GSE27229	GPL4091
GSE27125	GPL5175
GSE27125	GPL9115
GSE27125	GPL13135
GSE27892	GPL9128
GSE27923	GPL2004
GSE27923	GPL2005
GSE27923	GPL13283
GSE27923	GPL13284
GSE28329	GPL2873
GSE28329	GPL4091
GSE28397	GPL13372
GSE28572	GPL3718
GSE29172	GPL6801
GSE29228	GPL13519
GSE29667	GPL6801
GSE30217	GPL8736
GSE30481	GPL6801
GSE30460	GPL13829
GSE30800	GPL8737
GSE31168	GPL6801
GSE3435	GPL2920
GSE31276	GPL6801
GSE31984	GPL3720
GSE32682	GPL6801
GSE16583	GPL2004
GSE16583	GPL2005
GSE3557	GPL1282
GSE3557	GPL3047
GSE3562	GPL1282
GSE3562	GPL3046
GSE3562	GPL3047
GSE33229	GPL6801
GSE35189	GPL9128
GSE33598	GPL6801
GSE33848	GPL6801
GSE35052	GPL3718
GSE35052	GPL3720
GSE34200	GPL570
GSE34200	GPL4091
GSE34200	GPL6480
GSE34200	GPL6984
GSE34200	GPL8490
GSE34200	GPL9081
GSE35278	GPL4091
GSE35740	GPL14965
GSE36003	GPL6801
GSE36363	GPL3720
GSE36363	GPL6801
GSE36458	GPL6801
GSE36823	GPL2879
GSE36908	GPL6801
GSE3992	GPL3332
GSE37384	GPL6801
GSE38073	GPL6801
GSE4017	GPL3355
GSE39380	GPL3718
GSE40698	GPL6984
GSE39281	GPL10150
GSE40299	GPL9777
GSE40299	GPL10123
GSE36511	GPL9077
GSE4405	GPL3332
GSE4405	GPL3522
GSE4405	GPL3523
GSE4405	GPL3524
GSE4405	GPL3528
GSE37698	GPL3720
GSE4078	GPL3372
GSE4078	GPL3383
GSE76436	GPL16131
GSE77536	GPL18637
GSE96897	GPL16131
GSE96900	GPL8736
GSE85937	GPL16131
GSE85937	GPL21558
GSE96905	GPL10123
GSE97086	GPL8888
GSE62779	GPL8841
GSE70541	GPL8841
GSE70541	GPL11068
GSE68794	GPL13135
GSE41592	GPL2004
GSE41592	GPL2005
GSE53436	GPL6801
GSE43027	GPL5477
GSE64050	GPL13829
GSE7886	GPL5114
GSE42271	GPL6801
GSE73979	GPL10123
GSE45471	GPL13829
GSE48482	GPL8882
GSE54994	GPL15436
GSE62439	GPL8841
GSE62439	GPL19303
GSE7878	GPL2827
GSE50134	GPL8841
GSE6754	GPL2641
GSE42984	GPL10123
GSE8123	GPL2641
GSE64503	GPL8971
GSE55645	GPL9777
GSE60607	GPL6801
GSE76730	GPL3718
GSE74948	GPL4091
GSE7122	GPL4560
GSE62407	GPL3718
GSE62407	GPL3720
GSE62407	GPL6801
GSE76100	GPL16131
GSE61323	GPL6801
GSE36942	GPL5477
GSE70987	GPL16573
GSE65452	GPL6985
GSE7950	GPL5000
GSE7950	GPL5114
GSE7274	GPL4998
GSE7274	GPL4999
GSE6262	GPL4421
GSE41263	GPL2004
GSE41263	GPL3718
GSE55345	GPL10123
GSE44300	GPL8841
GSE62438	GPL6801
GSE27574	GPL8841
GSE27574	GPL9128
GSE7408	GPL5015
GSE49430	GPL9777
GSE74555	GPL6801
GSE43477	GPL8841
GSE50577	GPL14965
GSE55016	GPL10123
GSE55016	GPL10152
GSE44019	GPL6801
GSE4591	GPL2616
GSE49483	GPL16131
GSE46060	GPL3718
GSE46060	GPL11157
GSE50602	GPL17052
GSE65453	GPL8693
GSE5173	GPL3718
GSE5173	GPL3720
GSE54140	GPL10152
GSE64719	GPL18636
GSE6225	GPL5000
GSE6225	GPL5114
GSE46343	GPL8971
GSE7882	GPL5326
GSE68597	GPL8736
GSE68597	GPL20158
GSE65113	GPL3718
GSE65113	GPL16131
GSE6123	GPL3898
GSE6123	GPL4482
GSE6123	GPL4483
GSE46005	GPL11157
GSE80029	GPL10123
GSE8598	GPL5672
GSE8614	GPL5679
GSE9003	GPL5711
GSE8737	GPL5713
GSE81752	GPL8687
GSE81753	GPL8736
GSE8933	GPL4894
GSE87462	GPL8855
GSE9111	GPL2004
GSE9111	GPL2005
GSE9111	GPL3718
GSE9111	GPL3720
GSE89519	GPL3718
GSE89635	GPL6984
GSE9867	GPL2826
GSE10044	GPL2004
GSE10044	GPL2005
GSE10044	GPL3718
GSE10044	GPL3720
GSE10387	GPL2005
GSE10747	GPL1266
GSE10747	GPL3720
GSE11101	GPL4091
GSE11409	GPL3720
GSE11522	GPL3718
GSE11945	GPL2616
GSE1755	GPL1448
GSE12370	GPL2004
GSE12370	GPL2005
GSE12370	GPL3718
GSE12370	GPL3720
GSE12668	GPL96
GSE12668	GPL4091
GSE12713	GPL3718
GSE12713	GPL3720
GSE13557	GPL3718
GSE13557	GPL4723
GSE13557	GPL5149
GSE13557	GPL6980
GSE12951	GPL2843
GSE12951	GPL5477
GSE12951	GPL7394
GSE13775	GPL4723
GSE14749	GPL8167
GSE14749	GPL8196
GSE15051	GPL3720
GSE16609	GPL8581
GSE16668	GPL8720
GSE16680	GPL4560
GSE16872	GPL4133
GSE16872	GPL8774
GSE17093	GPL6985
GSE17207	GPL8887
GSE18143	GPL9202
GSE18408	GPL4091
GSE19193	GPL4999
GSE19385	GPL6433
GSE19385	GPL6434
GSE19385	GPL6982
GSE19385	GPL8887
GSE19458	GPL11069
GSE19561	GPL9816
GSE19594	GPL1266
GSE2631	GPL2024
GSE20376	GPL2004
GSE20376	GPL2005
GSE20496	GPL4560
GSE21923	GPL5477
GSE22237	GPL9128
GSE22328	GPL10538
GSE22481	GPL4560
GSE22694	GPL4544
GSE23418	GPL2826
GSE23418	GPL2827
GSE23418	GPL2842
GSE23418	GPL2843
GSE23418	GPL3441
GSE23418	GPL3442
GSE23418	GPL3443
GSE23418	GPL5164
GSE23418	GPL7394
GSE23418	GPL8368
GSE23418	GPL10743
GSE25102	GPL6985
GSE25262	GPL3718
GSE25262	GPL3720
GSE25262	GPL6801
GSE25492	GPL6801
GSE25528	GPL11237
GSE25771	GPL2873
GSE25771	GPL2879
GSE25771	GPL4093
GSE25771	GPL5477
GSE25985	GPL6985
GSE25985	GPL8882
GSE25016	GPL6801
GSE26849	GPL9128
GSE26860	GPL6801
GSE27331	GPL13176
GSE27333	GPL570
GSE27333	GPL571
GSE27333	GPL9128
GSE27333	GPL13176
GSE27333	GPL13177
GSE28366	GPL8882
GSE28850	GPL4723
GSE28952	GPL4091
GSE28952	GPL8736
GSE28989	GPL4091
GSE29256	GPL8882
GSE30283	GPL6801
GSE30479	GPL8687
GSE31575	GPL8882
GSE31575	GPL13135
GSE31575	GPL14190
GSE31586	GPL7313
GSE3559	GPL1282
GSE3559	GPL3046
GSE33881	GPL5477
GSE34507	GPL3720
GSE3743	GPL1266
GSE35476	GPL10123
GSE36282	GPL2879
GSE36282	GPL4091
GSE3971	GPL1282
GSE3971	GPL2790
GSE3971	GPL3043
GSE3971	GPL3045
GSE3971	GPL3046
GSE3971	GPL3114
GSE3971	GPL3254
GSE3971	GPL3302
GSE3971	GPL3303
GSE36967	GPL6801
GSE36989	GPL8687
GSE36991	GPL8693
GSE37035	GPL6801
GSE4301	GPL1282
GSE4301	GPL2695
GSE4301	GPL2868
GSE4301	GPL2934
GSE4301	GPL2937
GSE4301	GPL3001
GSE4301	GPL3045
GSE4301	GPL3272
GSE4301	GPL3334
GSE4301	GPL3486
GSE38405	GPL4723
GSE39303	GPL3718
GSE4072	GPL2695
GSE4072	GPL2705
GSE4072	GPL3254
GSE4072	GPL3271
GSE4072	GPL3322
GSE67682	GPL16707
GSE67682	GPL19947
GSE67682	GPL19948
GSE73976	GPL16131
GSE56106	GPL8687
GSE86305	GPL10150
GSE46594	GPL6801
GSE85733	GPL6801
GSE86607	GPL9128
GSE80314	GPL18637
GSE99471	GPL13829
GSE99471	GPL22678
GSE45149	GPL6801
GSE72531	GPL3718
GSE69083	GPL10123
GSE65181	GPL9128
GSE6473	GPL3054
GSE6473	GPL3441
GSE54328	GPL4091
GSE54328	GPL9777
GSE13612	GPL3718
GSE11417	GPL2005
GSE52180	GPL8971
GSE72750	GPL9777
GSE8351	GPL5452
GSE53445	GPL13135
GSE49276	GPL8887
GSE49276	GPL13135
GSE8777	GPL3895
GSE12761	GPL7298
GSE75089	GPL13829
GSE72284	GPL18637
GSE56316	GPL3718
GSE71978	GPL13829
GSE42739	GPL4420
GSE58000	GPL9777
GSE73041	GPL18637
GSE8918	GPL2879
GSE10698	GPL2827
GSE47357	GPL8887
GSE47357	GPL8888
GSE59406	GPL18947
GSE80208	GPL16131
GSE12732	GPL6982
GSE10506	GPL5711
GSE14656	GPL2004
GSE14656	GPL2005
GSE68078	GPL16131
GSE7692	GPL4894
GSE11931	GPL3441
GSE38548	GPL6801
GSE38548	GPL8490
GSE38548	GPL9052
GSE38548	GPL13393
GSE38548	GPL13534
GSE38548	GPL14761
GSE38548	GPL18573
GSE71443	GPL6801
GSE12040	GPL4896
GSE12659	GPL2879
GSE7482	GPL2879
GSE52788	GPL3718
GSE52788	GPL3720
GSE52788	GPL6801
GSE48	GPL179
GSE12439	GPL4723
GSE12439	GPL7203
GSE7426	GPL5055
GSE72159	GPL3718
GSE50876	GPL16110
GSE61122	GPL3718
GSE35483	GPL9708
GSE35483	GPL14965
GSE45573	GPL8841
GSE78715	GPL6801
GSE50667	GPL6801
GSE56765	GPL17641
GSE11938	GPL4091
GSE15477	GPL570
GSE15477	GPL8355
GSE57942	GPL9128
GSE15127	GPL3718
GSE61650	GPL18637
GSE14820	GPL8175
GSE43522	GPL13829
GSE72296	GPL16707
GSE10266	GPL5840
GSE8801	GPL4999
GSE66032	GPL16110
GSE50024	GPL6801
GSE16041	GPL6088
GSE6567	GPL4611
GSE6567	GPL4615
GSE64257	GPL3720
GSE16400	GPL4091
GSE16400	GPL6986
GSE16400	GPL9704
GSE16400	GPL9708
GSE9110	GPL3718
GSE9110	GPL3720
GSE6746	GPL4723
GSE60168	GPL6801
GSE49808	GPL9128
GSE8605	GPL201
GSE8605	GPL2641
GSE8605	GPL4012
GSE63490	GPL6801
GSE14582	GPL2641
GSE72667	GPL16131
GSE45000	GPL6801
GSE11872	GPL6853
GSE5049	GPL2616
GSE43149	GPL6801
GSE49693	GPL10123
GSE10060	GPL2641
GSE8508	GPL3811
GSE11265	GPL6783
GSE7226	GPL2004
GSE7226	GPL2005
GSE60612	GPL8737
GSE12461	GPL2004
GSE77604	GPL4560
GSE16912	GPL6982
GSE1715	GPL1424
GSE46812	GPL6804
GSE59985	GPL10152
GSE1991	GPL1715
GSE16511	GPL4560
GSE68409	GPL17052
GSE68409	GPL17077
GSE72194	GPL4091
GSE9637	GPL1708
GSE9637	GPL3718
GSE9637	GPL3720
GSE9637	GPL4126
GSE9928	GPL5000
GSE65760	GPL2005
GSE10583	GPL2873
GSE71049	GPL8888
GSE71049	GPL20707
GSE5336	GPL3887
GSE5336	GPL3888
GSE5336	GPL3889
GSE5336	GPL3892
GSE5336	GPL3893
GSE5336	GPL3894
GSE5336	GPL4003
GSE16600	GPL8581
GSE67929	GPL6801
GSE80736	GPL16131
GSE57302	GPL4091
GSE55989	GPL10123
GSE59967	GPL10152
GSE75098	GPL13829
GSE10115	GPL5000
GSE10115	GPL5114
GSE79187	GPL16131
GSE12523	GPL6853
GSE48483	GPL8887
GSE6145	GPL3898
GSE6145	GPL4505
GSE6415	GPL4544
GSE55535	GPL4091
GSE8398	GPL2879
GSE58192	GPL10150
GSE9995	GPL6311
GSE9995	GPL6312
GSE9995	GPL6313
GSE9995	GPL6317
GSE9995	GPL6318
GSE9995	GPL6319
GSE9995	GPL6320
GSE9995	GPL6321
GSE9995	GPL6322
GSE9995	GPL6323
GSE2139	GPL1432
GSE15130	GPL4091
GSE66903	GPL6801
GSE49317	GPL3718
GSE49317	GPL3720
GSE47630	GPL9128
GSE75500	GPL16694
GSE10611	GPL2004
GSE10611	GPL2005
GSE10611	GPL6520
GSE10611	GPL6521
GSE48377	GPL6801
GSE74239	GPL16131
GSE44745	GPL4091
GSE16979	GPL6980
GSE17123	GPL8855
GSE17126	GPL8855
GSE17203	GPL8882
GSE17209	GPL8888
GSE17359	GPL6801
GSE17381	GPL4091
GSE17555	GPL8996
GSE17555	GPL8997
GSE17555	GPL8998
GSE17555	GPL8999
GSE17555	GPL9000
GSE17555	GPL9001
GSE18166	GPL9189
GSE18166	GPL9190
GSE18453	GPL2879
GSE18638	GPL9128
GSE18820	GPL3718
GSE19459	GPL9798
GSE2618	GPL2012
GSE2618	GPL2013
GSE2520	GPL2014
GSE2520	GPL2015
GSE20154	GPL10001
GSE20275	GPL6801
GSE2664	GPL2043
GSE2664	GPL2047
GSE20474	GPL10093
GSE20481	GPL2004
GSE20481	GPL2005
GSE21107	GPL6801
GSE21347	GPL3718
GSE21347	GPL3720
GSE21349	GPL570
GSE21349	GPL3718
GSE21349	GPL3720
GSE21540	GPL2616
GSE22905	GPL4091
GSE23631	GPL570
GSE23631	GPL4091
GSE23631	GPL7731
GSE23636	GPL6801
GSE23816	GPL6982
GSE23151	GPL3718
GSE23946	GPL5477
GSE23949	GPL8736
GSE24602	GPL4091
GSE24602	GPL4093
GSE24602	GPL5477
GSE24602	GPL10123
GSE24602	GPL11068
GSE24881	GPL3718
GSE24890	GPL6988
GSE24947	GPL3718
GSE24947	GPL3720
GSE24947	GPL6801
GSE25298	GPL8841
GSE2922	GPL2043
GSE2922	GPL2616
GSE25540	GPL6801
GSE25540	GPL6984
GSE25720	GPL6801
GSE25885	GPL11284
GSE25885	GPL11285
GSE25885	GPL11286
GSE25885	GPL11287
GSE25989	GPL6801
GSE25925	GPL8882
GSE26192	GPL11340
GSE26214	GPL14645
GSE26853	GPL6801
GSE27135	GPL6801
GSE27216	GPL3718
GSE27216	GPL3720
GSE27392	GPL13190
GSE27832	GPL6801
GSE28407	GPL4421
GSE28407	GPL4999
GSE28407	GPL6359
GSE29227	GPL5477
GSE29244	GPL2004
GSE29244	GPL2005
GSE30155	GPL8693
GSE31645	GPL8882
GSE31645	GPL13314
GSE27224	GPL570
GSE27224	GPL13134
GSE27224	GPL13611
GSE31828	GPL13508
GSE16	GPL28
GSE31845	GPL6947
GSE31845	GPL8882
GSE32530	GPL6801
GSE33032	GPL6801
GSE33522	GPL8882
GSE33757	GPL4091
GSE33987	GPL6984
GSE33987	GPL14934
GSE34063	GPL4091
GSE34063	GPL9777
GSE34171	GPL96
GSE34171	GPL97
GSE34171	GPL570
GSE34171	GPL6801
GSE34542	GPL3718
GSE34542	GPL3720
GSE34542	GPL6801
GSE34649	GPL10152
GSE34957	GPL2004
GSE34957	GPL2005
GSE34979	GPL9128
GSE34979	GPL15096
GSE35282	GPL6801
GSE36115	GPL5477
GSE3930	GPL1282
GSE3930	GPL2790
GSE3930	GPL2934
GSE3930	GPL2937
GSE3930	GPL2938
GSE3930	GPL3254
GSE3930	GPL3287
GSE3930	GPL3288
GSE3930	GPL3289
GSE3930	GPL3290
GSE3930	GPL3291
GSE36790	GPL6801
GSE36856	GPL8687
GSE40546	GPL6801
GSE38946	GPL9777
GSE38613	GPL3718
GSE40048	GPL9128
GSE38137	GPL9075
GSE4175	GPL179
GSE4175	GPL182
GSE4175	GPL2648
GSE4175	GPL2695
GSE4175	GPL2776
GSE4305	GPL1282
GSE4305	GPL2790
GSE4305	GPL2937
GSE4305	GPL2938
GSE4305	GPL2947
GSE4305	GPL3254
GSE4305	GPL3287
GSE4305	GPL3288
GSE4305	GPL3289
GSE4305	GPL3290
GSE38771	GPL8971
GSE38771	GPL9052
GSE38771	GPL11154
GSE4173	GPL1448
GSE4173	GPL2696
GSE4173	GPL3046
GSE4173	GPL3305
GSE37412	GPL11365
GSE38149	GPL6801
GSE88909	GPL15793
GSE54193	GPL3718
GSE54193	GPL3720
GSE97436	GPL16131
GSE97436	GPL18602
GSE97436	GPL21558
GSE83272	GPL6801
GSE89616	GPL16131
GSE90651	GPL6801
GSE49004	GPL6801
GSE93123	GPL3718
GSE77275	GPL16131
GSE94378	GPL16131
GSE94378	GPL18602
GSE81625	GPL10123
GSE75068	GPL13829
GSE15688	GPL3718
GSE15688	GPL6801
GSE9023	GPL5840
GSE9023	GPL5841
GSE16121	GPL2005
GSE41964	GPL8855
GSE41964	GPL13829
GSE67131	GPL10123
GSE67938	GPL9777
GSE7847	GPL2004
GSE7847	GPL2005
GSE10668	GPL3718
GSE10668	GPL3720
GSE10668	GPL4544
GSE63630	GPL6801
GSE15470	GPL8368
GSE53429	GPL14965
GSE52902	GPL16131
GSE87802	GPL16131
GSE6713	GPL3892
GSE6713	GPL3894
GSE17165	GPL4091
GSE17165	GPL8876
GSE7425	GPL2641
GSE11663	GPL3718
GSE11663	GPL6928
GSE11663	GPL6929
GSE9114	GPL4560
GSE16895	GPL6984
GSE62009	GPL16237
GSE69287	GPL13829
GSE43131	GPL8841
GSE17247	GPL3720
GSE47914	GPL6801
GSE16718	GPL6804
GSE14804	GPL2005
GSE17668	GPL9041
GSE17668	GPL9042
GSE44271	GPL9128
GSE12808	GPL2641
GSE12808	GPL3718
GSE40989	GPL9128
GSE43470	GPL6804
GSE9959	GPL2826
GSE16724	GPL8737
GSE44850	GPL4093
GSE15436	GPL5772
GSE46969	GPL6801
GSE10179	GPL6365
GSE57899	GPL8841
GSE9469	GPL2641
GSE15131	GPL4091
GSE12593	GPL4723
GSE58395	GPL8971
GSE80760	GPL11358
GSE7946	GPL1266
GSE7946	GPL2641
GSE8779	GPL3320
GSE8779	GPL3334
GSE8779	GPL3523
GSE8634	GPL5685
GSE60907	GPL3718
GSE51640	GPL6983
GSE50666	GPL8882
GSE69632	GPL16131
GSE69632	GPL18637
GSE58579	GPL6801
GSE53070	GPL10123
GSE66157	GPL8882
GSE66157	GPL8887
GSE66157	GPL8888
GSE18333	GPL6801
GSE60733	GPL11157
GSE60733	GPL16131
GSE15187	GPL2004
GSE15187	GPL2005
GSE15187	GPL3718
GSE17094	GPL6986
GSE41238	GPL13135
GSE41238	GPL16110
GSE7180	GPL4896
GSE17746	GPL9064
GSE17746	GPL9065
GSE17746	GPL9066
GSE17746	GPL9067
GSE17746	GPL9068
GSE17746	GPL9069
GSE17746	GPL9070
GSE17746	GPL9071
GSE17746	GPL9072
GSE17746	GPL9073
GSE65175	GPL8841
GSE9887	GPL2826
GSE59537	GPL16131
GSE48610	GPL13611
GSE11977	GPL6981
GSE4176	GPL96
GSE4176	GPL97
GSE4176	GPL1266
GSE17124	GPL8855
GSE69084	GPL10123
GSE49602	GPL6801
GSE59678	GPL3718
GSE7077	GPL2879
GSE51074	GPL3718
GSE51074	GPL3720
GSE14322	GPL4093
GSE5781	GPL3749
GSE50750	GPL9128
GSE7581	GPL3382
GSE7581	GPL3383
GSE12958	GPL5477
GSE51711	GPL6801
GSE16604	GPL8581
GSE6472	GPL2879
GSE44275	GPL10123
GSE9307	GPL2004
GSE9307	GPL6083
GSE7602	GPL2879
GSE16896	GPL6984
GSE44994	GPL3718
GSE8591	GPL5672
GSE77995	GPL16131
GSE11036	GPL2005
GSE55520	GPL13829
GSE50441	GPL6801
GSE12830	GPL4091
GSE12830	GPL9128
GSE71395	GPL10150
GSE17429	GPL3720
GSE41536	GPL3718
GSE42137	GPL8856
GSE17208	GPL8888
GSE11263	GPL6782
GSE71603	GPL8888
GSE10792	GPL570
GSE10792	GPL2004
GSE10792	GPL2005
GSE16599	GPL8581
GSE16606	GPL8581
GSE49324	GPL9777
GSE1716	GPL96
GSE1716	GPL1424
GSE16125	GPL3718
GSE16125	GPL5175
GSE59150	GPL16131
GSE9109	GPL2004
GSE9109	GPL2005
GSE9109	GPL3718
GSE9109	GPL3720
GSE10600	GPL6514
GSE8695	GPL4999
GSE42525	GPL6801
GSE16664	GPL8720
GSE45477	GPL8736
GSE76339	GPL8887
GSE76339	GPL8888
GSE10699	GPL2827
GSE54354	GPL10150
GSE63216	GPL8687
GSE63216	GPL16694
GSE6538	GPL3888
GSE6538	GPL3893
GSE16019	GPL6979
GSE16019	GPL6980
GSE5359	GPL3960
GSE18252	GPL2004
GSE18252	GPL2005
GSE54504	GPL16131
GSE13696	GPL2004
GSE13696	GPL2005
GSE14823	GPL8175
GSE17715	GPL8687
GSE18799	GPL6980
GSE18932	GPL3718
GSE19000	GPL5114
GSE19000	GPL10304
GSE19000	GPL19387
GSE19189	GPL6985
GSE19399	GPL3720
GSE19349	GPL8887
GSE19449	GPL570
GSE19449	GPL2005
GSE19852	GPL4091
GSE19318	GPL9314
GSE19318	GPL9944
GSE19996	GPL3718
GSE19996	GPL3720
GSE20239	GPL4091
GSE2681	GPL2030
GSE20356	GPL3718
GSE20356	GPL3720
GSE20574	GPL9128
GSE20691	GPL10150
GSE21057	GPL3718
GSE21057	GPL3720
GSE21168	GPL8882
GSE21420	GPL4091
GSE22082	GPL3720
GSE21732	GPL3718
GSE22208	GPL6801
GSE22785	GPL6480
GSE22785	GPL9128
GSE22916	GPL7313
GSE40364	GPL570
GSE40364	GPL6804
GSE23540	GPL4093
GSE23540	GPL10123
GSE16746	GPL96
GSE16746	GPL3718
GSE24245	GPL6988
GSE24328	GPL4091
GSE24412	GPL3718
GSE24412	GPL3720
GSE25116	GPL11157
GSE25201	GPL8856
GSE26173	GPL6801
GSE26301	GPL6801
GSE27145	GPL6801
GSE27852	GPL6982
GSE27852	GPL8887
GSE25893	GPL3718
GSE25893	GPL4091
GSE25893	GPL6801
GSE25893	GPL6944
GSE25893	GPL6945
GSE25893	GPL6983
GSE25893	GPL6987
GSE25893	GPL8736
GSE25893	GPL8882
GSE25893	GPL8888
GSE25893	GPL9973
GSE25893	GPL13314
GSE25893	GPL13331
GSE25893	GPL13787
GSE28132	GPL6801
GSE28403	GPL570
GSE28403	GPL2873
GSE28403	GPL2879
GSE28403	GPL7182
GSE28732	GPL4093
GSE28868	GPL4093
GSE29062	GPL6801
GSE29374	GPL13611
GSE29398	GPL6984
GSE3281	GPL180
GSE3281	GPL2830
GSE30255	GPL3720
GSE30291	GPL13786
GSE30300	GPL6801
GSE30319	GPL2004
GSE30319	GPL2005
GSE31219	GPL9128
GSE31339	GPL6801
GSE31483	GPL6986
GSE32204	GPL8887
GSE32258	GPL6801
GSE32264	GPL3718
GSE32264	GPL3720
GSE32233	GPL6848
GSE32233	GPL8841
GSE32233	GPL9081
GSE26232	GPL6801
GSE32711	GPL8855
GSE33117	GPL8841
GSE34280	GPL6801
GSE34754	GPL3718
GSE34816	GPL4091
GSE35064	GPL6986
GSE35064	GPL8887
GSE36459	GPL3720
GSE36950	GPL6801
GSE36986	GPL10197
GSE38071	GPL3720
GSE39332	GPL8856
GSE39332	GPL13829
GSE39076	GPL3718
GSE39076	GPL3720
GSE39076	GPL6801
GSE40641	GPL10197
GSE39663	GPL10123
GSE38229	GPL10123
GSE38207	GPL8882
GSE4354	GPL3514
GSE4070	GPL3254
GSE4070	GPL3271
GSE65777	GPL6801
GSE75284	GPL6801
GSE74839	GPL9128
GSE90928	GPL4091
GSE92647	GPL4091
GSE93692	GPL6984
GSE93692	GPL18900
GSE93692	GPL20333
GSE93692	GPL22924
GSE55628	GPL6244
GSE55628	GPL6801
GSE84810	GPL16131
GSE99124	GPL13829
GSE99124	GPL21168
GSE59546	GPL8888
GSE18259	GPL6737
GSE14959	GPL4091
GSE10524	GPL570
GSE10524	GPL4012
GSE13914	GPL7778
GSE13914	GPL7779
GSE13914	GPL7780
GSE13914	GPL7781
GSE13914	GPL7782
GSE13914	GPL7783
GSE13914	GPL7784
GSE71538	GPL10152
GSE73899	GPL9777
GSE10922	GPL2005
GSE58951	GPL6801
GSE14819	GPL8175
GSE9193	GPL2043
GSE9193	GPL2616
GSE8043	GPL3320
GSE8043	GPL3334
GSE8043	GPL3355
GSE8043	GPL3428
GSE8043	GPL3526
GSE8043	GPL5362
GSE8043	GPL5363
GSE8043	GPL5364
GSE17122	GPL8856
GSE52641	GPL8841
GSE12906	GPL2004
GSE12906	GPL2005
GSE12906	GPL3718
GSE12906	GPL3720
GSE42377	GPL8687
GSE42624	GPL3718
GSE42624	GPL3720
GSE42624	GPL6801
GSE8567	GPL2005
GSE44434	GPL3718
GSE11411	GPL4091
GSE10099	GPL2004
GSE10099	GPL2005
GSE10197	GPL6382
GSE22305	GPL6801
GSE51538	GPL3718
GSE58342	GPL9128
GSE17121	GPL8856
GSE42487	GPL8882
GSE21672	GPL3720
GSE21025	GPL10150
GSE21228	GPL6801
GSE52250	GPL5477
GSE11976	GPL6986
GSE19578	GPL570
GSE19578	GPL3718
GSE19578	GPL3720
GSE9635	GPL2004
GSE9635	GPL2005
GSE20393	GPL9128
GSE60067	GPL10123
GSE16669	GPL8720
GSE62215	GPL6801
GSE45185	GPL6801
GSE73513	GPL5477
GSE73513	GPL11358
GSE73513	GPL20960
GSE64462	GPL9777
GSE5138	GPL3443
GSE67930	GPL6801
GSE42482	GPL16110
GSE64110	GPL4091
GSE10917	GPL6639
GSE55230	GPL13135
GSE8778	GPL3895
GSE43933	GPL16573
GSE19915	GPL3883
GSE19915	GPL4723
GSE19915	GPL5186
GSE20492	GPL8971
GSE43902	GPL13829
GSE54303	GPL18197
GSE8271	GPL2004
GSE8271	GPL2005
GSE8271	GPL4866
GSE19388	GPL3720
GSE14248	GPL3718
GSE67818	GPL16707
GSE11109	GPL2879
GSE47633	GPL8855
GSE67405	GPL6801
GSE57201	GPL16694
GSE57201	GPL18628
GSE47620	GPL6983
GSE60909	GPL13829
GSE63035	GPL10150
GSE55586	GPL13135
GSE9154	GPL3720
GSE50573	GPL16131
GSE2258	GPL1855
GSE64765	GPL16237
GSE4860	GPL3778
GSE4860	GPL3780
GSE17958	GPL3720
GSE42854	GPL3718
GSE42854	GPL3720
GSE42854	GPL8736
GSE10878	GPL2879
GSE10878	GPL6480
GSE50253	GPL6801
GSE16601	GPL8581
GSE55175	GPL13135
GSE59631	GPL10150
GSE17201	GPL8882
GSE54993	GPL8736
GSE5082	GPL1266
GSE56425	GPL16694
GSE16607	GPL8581
GSE13565	GPL6980
GSE13565	GPL7626
GSE13565	GPL7629
GSE13565	GPL7630
GSE19101	GPL2004
GSE19101	GPL2005
GSE19101	GPL3718
GSE19101	GPL3720
GSE50495	GPL15793
GSE51158	GPL8888
GSE54080	GPL11358
GSE17095	GPL8856
GSE11782	GPL2641
GSE67460	GPL6801
GSE67460	GPL16131
GSE14994	GPL3720
GSE14994	GPL3921
GSE60625	GPL17052
GSE19730	GPL9852
GSE65304	GPL4093
GSE65304	GPL10123
GSE13191	GPL2819
GSE13191	GPL3055
GSE44974	GPL13829
GSE13282	GPL6982
GSE85701	GPL9777
GSE63236	GPL3718
GSE6779	GPL4723
GSE60507	GPL4421
GSE63784	GPL6801
GSE18797	GPL3720
GSE53799	GPL16131
GSE8653	GPL3320
GSE8653	GPL3334
GSE8653	GPL3355
GSE8653	GPL3428
GSE8653	GPL3526
GSE8653	GPL5697
GSE8653	GPL5698
GSE8653	GPL5699
GSE16894	GPL6984
GSE89982	GPL10123
GSE20584	GPL6801
GSE21958	GPL8887
GSE8736	GPL5685
GSE15264	GPL6801
GSE16092	GPL3718
GSE22429	GPL8971
GSE61502	GPL8882
GSE61502	GPL16104
GSE15695	GPL570
GSE15695	GPL3718
GSE15695	GPL3720
GSE12494	GPL2004
GSE12494	GPL2005
GSE12494	GPL3718
GSE19180	GPL2879
GSE5121	GPL3895
GSE45478	GPL4093
GSE18626	GPL4560
GSE75093	GPL13829
GSE41875	GPL8841
GSE10132	GPL6359
GSE16665	GPL8720
GSE48064	GPL6801
GSE14579	GPL2004
GSE14579	GPL2005
GSE16598	GPL8581
GSE22494	GPL8887
GSE22494	GPL8888
GSE22524	GPL4723
GSE22673	GPL5477
GSE22965	GPL6801
GSE22965	GPL6884
GSE23065	GPL10123
GSE23891	GPL2879
GSE23891	GPL5477
GSE24216	GPL4091
GSE24452	GPL5477
GSE24698	GPL4723
GSE25170	GPL3720
GSE25228	GPL10123
GSE25273	GPL4091
GSE26105	GPL8887
GSE26302	GPL6801
GSE26447	GPL9075
GSE26534	GPL9041
GSE26674	GPL6801
GSE27193	GPL8887
GSE27193	GPL8888
GSE27511	GPL6359
GSE27636	GPL13244
GSE29283	GPL6801
GSE3264	GPL2819
GSE3264	GPL2826
GSE3264	GPL2827
GSE3264	GPL2834
GSE3264	GPL2842
GSE3264	GPL2843
GSE3264	GPL2851
GSE3264	GPL2858
GSE3264	GPL3054
GSE3264	GPL3055
GSE3264	GPL3056
GSE29953	GPL7780
GSE29953	GPL9073
GSE30120	GPL10197
GSE32291	GPL4091
GSE32578	GPL4723
GSE32578	GPL7247
GSE32649	GPL6986
GSE32649	GPL13135
GSE33153	GPL6801
GSE33326	GPL8856
GSE20306	GPL3720
GSE34005	GPL3718
GSE34005	GPL3720
GSE34236	GPL4091
GSE34484	GPL10123
GSE34678	GPL8887
GSE34678	GPL13829
GSE34888	GPL6985
GSE34982	GPL6884
GSE34982	GPL8882
GSE34982	GPL13534
GSE35656	GPL3718
GSE35656	GPL6801
GSE35991	GPL6801
GSE36311	GPL6801
GSE36889	GPL885
GSE36889	GPL887
GSE36889	GPL1197
GSE36889	GPL1390
GSE36889	GPL1708
GSE36889	GPL5325
GSE36889	GPL8269
GSE36889	GPL15359
GSE36864	GPL8687
GSE64572	GPL6984
GSE38787	GPL6801
GSE40159	GPL13190
GSE4303	GPL2937
GSE4303	GPL2938
GSE4303	GPL3254
GSE4303	GPL3288
GSE4303	GPL3289
GSE4303	GPL3290
GSE4303	GPL3335
GSE4421	GPL1283
GSE4421	GPL2696
GSE4421	GPL3273
GSE4421	GPL3289
GSE4421	GPL3347
GSE4421	GPL3355
GSE93886	GPL16131
GSE99090	GPL6982
GSE99090	GPL18900
GSE99090	GPL20333
GSE77603	GPL17641
GSE26075	GPL2004
GSE26075	GPL2005
GSE26075	GPL3718
GSE26075	GPL3720
GSE24282	GPL4091
GSE67271	GPL6801
GSE68717	GPL6801
GSE19539	GPL6244
GSE19539	GPL6801
GSE14670	GPL2641
GSE14670	GPL3718
GSE47498	GPL13829
GSE50407	GPL17641
GSE45565	GPL6801
GSE41813	GPL4126
GSE41813	GPL5477
GSE41813	GPL10123
GSE26576	GPL570
GSE26576	GPL6801
GSE28910	GPL6801
GSE58694	GPL16131
GSE41990	GPL16237
GSE45354	GPL10152
GSE19986	GPL6984
GSE19986	GPL9442
GSE72209	GPL16131
GSE8606	GPL5000
GSE8606	GPL5114
GSE47682	GPL2004
GSE47682	GPL2005
GSE47682	GPL3718
GSE16605	GPL8581
GSE20483	GPL9077
GSE17595	GPL1266
GSE17595	GPL2641
GSE20206	GPL3718
GSE20206	GPL3720
GSE20206	GPL6801
GSE20123	GPL3718
GSE20123	GPL3720
GSE29023	GPL570
GSE29023	GPL4091
GSE73190	GPL8855
GSE60457	GPL10152
GSE17197	GPL8882
GSE27332	GPL13177
GSE69614	GPL6801
GSE46284	GPL11358
GSE29711	GPL8736
GSE10092	GPL3718
GSE49280	GPL8490
GSE49280	GPL8887
GSE49280	GPL11154
GSE49280	GPL13135
GSE49280	GPL16686
GSE49280	GPL17913
GSE85466	GPL6801
GSE21660	GPL4091
GSE75671	GPL16707
GSE75671	GPL19947
GSE19566	GPL9128
GSE65312	GPL8855
GSE26494	GPL8971
GSE26494	GPL9715
GSE26494	GPL11633
GSE26494	GPL11634
GSE26494	GPL11635
GSE28601	GPL5477
GSE14353	GPL8036
GSE9205	GPL5620
GSE18828	GPL3718
GSE18828	GPL6801
GSE10128	GPL5772
GSE23201	GPL6801
GSE27399	GPL3718
GSE6448	GPL3632
GSE73119	GPL10150
GSE29143	GPL13508
GSE54691	GPL8737
GSE22047	GPL570
GSE22047	GPL6804
GSE58886	GPL9128
GSE81738	GPL6801
GSE7603	GPL2879
GSE7603	GPL4091
GSE14743	GPL8036
GSE52366	GPL10150
GSE73199	GPL10123
GSE61134	GPL10152
GSE14109	GPL2873
GSE14109	GPL5477
GSE28450	GPL10123
GSE17047	GPL6848
GSE17047	GPL8693
GSE17047	GPL8841
GSE17047	GPL10197
GSE7383	GPL2043
GSE7383	GPL2735
GSE52654	GPL3718
GSE51272	GPL6984
GSE51272	GPL13314
GSE51272	GPL14157
GSE51272	GPL17783
GSE27671	GPL10123
GSE16667	GPL8720
GSE23300	GPL6801
GSE8521	GPL5620
GSE40954	GPL2790
GSE40954	GPL3114
GSE40954	GPL3314
GSE40954	GPL3341
GSE40954	GPL8650
GSE49614	GPL17539
GSE1464	GPL1282
GSE1464	GPL1283
GSE1464	GPL1709
GSE1464	GPL1710
GSE1464	GPL1711
GSE40834	GPL16050
GSE48297	GPL9075
GSE64597	GPL10123
GSE64597	GPL19385
GSE63428	GPL13190
GSE63428	GPL14965
GSE63428	GPL15651
GSE63428	GPL18318
GSE20284	GPL6983
GSE57176	GPL10123
GSE19159	GPL9715
GSE29211	GPL96
GSE29211	GPL3718
GSE29211	GPL9128
GSE50136	GPL6986
GSE40099	GPL6480
GSE40099	GPL8490
GSE40099	GPL8774
GSE74633	GPL8687
GSE42056	GPL6801
GSE43272	GPL15436
GSE8798	GPL2005
GSE8798	GPL5749
GSE8798	GPL5750
GSE73791	GPL6801
GSE75349	GPL6801
GSE70782	GPL17052
GSE78808	GPL16131
GSE47701	GPL9777
GSE61594	GPL16131
GSE24546	GPL5082
GSE24546	GPL6801
GSE24546	GPL9115
GSE67385	GPL3718
GSE26800	GPL8841
GSE18964	GPL3718
GSE16575	GPL8693
GSE40787	GPL3720
GSE48835	GPL16707
GSE85594	GPL6801
GSE71522	GPL6801
GSE21554	GPL570
GSE21554	GPL8490
GSE21554	GPL10383
GSE20672	GPL6801
GSE14960	GPL3718
GSE61769	GPL6801
GSE58512	GPL10123
GSE75088	GPL13829
GSE56654	GPL9128
GSE16384	GPL8634
GSE10456	GPL6478
GSE53234	GPL16694
GSE59298	GPL15207
GSE59298	GPL16131
GSE11960	GPL3718
GSE11960	GPL3720
GSE42040	GPL570
GSE42040	GPL6801
GSE15826	GPL6801
GSE45495	GPL10558
GSE45495	GPL15436
GSE45495	GPL16869
GSE69382	GPL18636
GSE59244	GPL6801
GSE6469	GPL4639
GSE6469	GPL4640
GSE58793	GPL16131
GSE11275	GPL2043
GSE11275	GPL2616
GSE16603	GPL8581
GSE62875	GPL6801
GSE62907	GPL6801
GSE62907	GPL11154
GSE62907	GPL16791
GSE48190	GPL6801
GSE20565	GPL570
GSE20565	GPL2005
GSE20565	GPL6801
GSE29772	GPL6801
GSE29996	GPL6801
GSE30121	GPL8687
GSE31035	GPL13829
GSE31203	GPL13904
GSE31203	GPL13905
GSE31203	GPL13906
GSE31203	GPL13907
GSE32058	GPL2879
GSE32101	GPL3718
GSE32101	GPL3720
GSE32462	GPL6801
GSE32969	GPL6102
GSE32969	GPL6982
GSE33053	GPL4091
GSE32414	GPL6480
GSE32414	GPL10123
GSE33249	GPL14791
GSE33355	GPL6801
GSE33685	GPL10152
GSE33732	GPL3718
GSE33732	GPL3720
GSE33983	GPL8736
GSE34174	GPL4091
GSE34174	GPL8490
GSE34211	GPL570
GSE34211	GPL6801
GSE34258	GPL3718
GSE34258	GPL6801
GSE34467	GPL6984
GSE34467	GPL8888
GSE34472	GPL8841
GSE34573	GPL570
GSE34573	GPL3718
GSE34573	GPL3720
GSE35023	GPL6988
GSE35099	GPL3718
GSE35099	GPL3720
GSE35329	GPL2005
GSE35329	GPL3718
GSE35329	GPL3720
GSE35367	GPL3868
GSE35367	GPL3869
GSE35367	GPL15168
GSE35783	GPL3522
GSE35783	GPL3523
GSE35783	GPL3524
GSE35783	GPL3528
GSE3898	GPL1506
GSE36438	GPL3720
GSE36822	GPL4091
GSE3980	GPL1448
GSE3980	GPL3310
GSE37142	GPL13314
GSE39367	GPL6801
GSE39793	GPL2004
GSE39793	GPL2005
GSE4079	GPL3381
GSE4079	GPL3382
GSE4079	GPL3383
GSE95496	GPL6801
GSE50897	GPL10123
GSE67965	GPL6801
GSE95085	GPL16131
GSE96884	GPL16131
